Datetime,Water Level (m)
2025-06-24 18:00:00,0.2084828
2025-06-24 19:00:00,0.5258908
2025-06-24 20:00:00,0.7540389
2025-06-24 21:00:00,0.97245073
2025-06-24 22:00:00,1.1088349
2025-06-24 23:00:00,1.0307872
2025-06-25 00:00:00,0.8909652
2025-06-25 01:00:00,0.727321
2025-06-25 02:00:00,0.5448987
2025-06-25 03:00:00,0.3601552
2025-06-25 04:00:00,0.19254658
2025-06-25 05:00:00,0.080091074
2025-06-25 06:00:00,0.29195285
2025-06-25 07:00:00,0.6391693
2025-06-25 08:00:00,0.9633151
2025-06-25 09:00:00,1.2979938
2025-06-25 10:00:00,1.546459
2025-06-25 11:00:00,1.616321
2025-06-25 12:00:00,1.5516385
2025-06-25 13:00:00,1.3751514
2025-06-25 14:00:00,1.126481
2025-06-25 15:00:00,0.8748528
2025-06-25 16:00:00,0.6375
2025-06-25 17:00:00,0.4527912
2025-06-25 18:00:00,0.31283268
2025-06-25 19:00:00,0.3958149
2025-06-25 20:00:00,0.6988769
2025-06-25 21:00:00,0.9901115
2025-06-25 22:00:00,1.2350774
2025-06-25 23:00:00,1.3764054
2025-06-26 00:00:00,1.3401676
2025-06-26 01:00:00,1.2004246
2025-06-26 02:00:00,1.0084418
2025-06-26 03:00:00,0.791512
2025-06-26 04:00:00,0.5942846
2025-06-26 05:00:00,0.42307338
2025-06-26 06:00:00,0.34716943
2025-06-26 07:00:00,0.5966766
2025-06-26 08:00:00,0.88405436
2025-06-26 09:00:00,1.1973338
2025-06-26 10:00:00,1.5357931
2025-06-26 11:00:00,1.784194
2025-06-26 12:00:00,1.8612567
2025-06-26 13:00:00,1.734413
2025-06-26 14:00:00,1.5108143
2025-06-26 15:00:00,1.2576486
2025-06-26 16:00:00,1.0054823
2025-06-26 17:00:00,0.7931956
2025-06-26 18:00:00,0.5980602
2025-06-26 19:00:00,0.48982692
2025-06-26 20:00:00,0.6458897
2025-06-26 21:00:00,0.9097135
2025-06-26 22:00:00,1.1772382
2025-06-26 23:00:00,1.3959546
2025-06-27 00:00:00,1.4546068
2025-06-27 01:00:00,1.3646268
2025-06-27 02:00:00,1.1791011
2025-06-27 03:00:00,0.96585065
2025-06-27 04:00:00,0.7440005
2025-06-27 05:00:00,0.55280346
2025-06-27 06:00:00,0.3937142
2025-06-27 07:00:00,0.35147047
2025-06-27 08:00:00,0.6114036
2025-06-27 09:00:00,0.8971419
2025-06-27 10:00:00,1.2140057
2025-06-27 11:00:00,1.5332174
2025-06-27 12:00:00,1.7514646
2025-06-27 13:00:00,1.7612009
2025-06-27 14:00:00,1.5914809
2025-06-27 15:00:00,1.3565252
2025-06-27 16:00:00,1.103986
2025-06-27 17:00:00,0.8718324
2025-06-27 18:00:00,0.64315814
2025-06-27 19:00:00,0.46845862
2025-06-27 20:00:00,0.38041118
2025-06-27 21:00:00,0.5733619
2025-06-27 22:00:00,0.8337952
2025-06-27 23:00:00,1.0871242
2025-06-28 00:00:00,1.2694241
2025-06-28 01:00:00,1.2800139
2025-06-28 02:00:00,1.1887065
2025-06-28 03:00:00,1.026348
2025-06-28 04:00:00,0.8199816
2025-06-28 05:00:00,0.6200021
2025-06-28 06:00:00,0.43616787
2025-06-28 07:00:00,0.28616706
2025-06-28 08:00:00,0.300525
2025-06-28 09:00:00,0.61112297
2025-06-28 10:00:00,0.91143346
2025-06-28 11:00:00,1.2267308
2025-06-28 12:00:00,1.5270426
2025-06-28 13:00:00,1.6953149
2025-06-28 14:00:00,1.645943
2025-06-28 15:00:00,1.4483908
2025-06-28 16:00:00,1.2101055
2025-06-28 17:00:00,0.96935964
2025-06-28 18:00:00,0.7386837
2025-06-28 19:00:00,0.5414514
2025-06-28 20:00:00,0.38718507
2025-06-28 21:00:00,0.36753005
2025-06-28 22:00:00,0.60522586
2025-06-28 23:00:00,0.85968566
2025-06-29 00:00:00,1.1034
2025-06-29 01:00:00,1.2623582
2025-06-29 02:00:00,1.2520932
2025-06-29 03:00:00,1.152178
2025-06-29 04:00:00,0.988154
2025-06-29 05:00:00,0.790707
2025-06-29 06:00:00,0.5887025
2025-06-29 07:00:00,0.4095101
2025-06-29 08:00:00,0.28861353
2025-06-29 09:00:00,0.41133723
2025-06-29 10:00:00,0.6891166
2025-06-29 11:00:00,0.97220695
2025-06-29 12:00:00,1.2672082
2025-06-29 13:00:00,1.5067879
2025-06-29 14:00:00,1.5934407
2025-06-29 15:00:00,1.4948747
2025-06-29 16:00:00,1.2978413
2025-06-29 17:00:00,1.0728384
2025-06-29 18:00:00,0.8496659
2025-06-29 19:00:00,0.6355852
2025-06-29 20:00:00,0.45770222
2025-06-29 21:00:00,0.32963693
2025-06-29 22:00:00,0.4049165
2025-06-29 23:00:00,0.64212996
2025-06-30 00:00:00,0.88224256
2025-06-30 01:00:00,1.1027006
2025-06-30 02:00:00,1.1897887
2025-06-30 03:00:00,1.1506706
2025-06-30 04:00:00,1.0496997
2025-06-30 05:00:00,0.89241153
2025-06-30 06:00:00,0.69680816
2025-06-30 07:00:00,0.51561475
2025-06-30 08:00:00,0.35756782
2025-06-30 09:00:00,0.29363102
2025-06-30 10:00:00,0.5190837
2025-06-30 11:00:00,0.76593345
2025-06-30 12:00:00,1.035198
2025-06-30 13:00:00,1.3049929
2025-06-30 14:00:00,1.4743624
2025-06-30 15:00:00,1.4874135
2025-06-30 16:00:00,1.3545313
2025-06-30 17:00:00,1.1570765
2025-06-30 18:00:00,0.94794303
